participant_id,order,block,trial,condition,rt_ms,correct,motivation_rating
P01,reward_first,1,1,reward,455.0,1,5
P01,reward_first,1,2,reward,521.0,0,5
P01,reward_first,1,3,reward,466.0,1,5
P01,reward_first,1,4,reward,603.0,1,5
P01,reward_first,1,5,reward,469.0,1,5
P01,reward_first,1,6,reward,403.0,1,5
P01,reward_first,1,7,reward,481.0,1,5
P01,reward_first,1,8,reward,651.0,0,5
P01,reward_first,1,9,reward,651.0,1,5
P01,reward_first,1,10,reward,415.0,1,5
P01,reward_first,1,11,reward,475.0,1,5
P01,reward_first,1,12,reward,461.0,1,5
P01,reward_first,1,13,reward,606.0,1,5
P01,reward_first,1,14,reward,392.0,1,5
P01,reward_first,1,15,reward,399.0,1,5
P01,reward_first,1,16,reward,518.0,1,5
P01,reward_first,1,17,reward,534.0,1,5
P01,reward_first,1,18,reward,577.0,1,5
P01,reward_first,1,19,reward,597.0,1,5
P01,reward_first,1,20,reward,,0,5
P01,reward_first,2,1,no_reward,482.0,1,4
P01,reward_first,2,2,no_reward,106.0,1,4
P01,reward_first,2,3,no_reward,348.0,1,4
P01,reward_first,2,4,no_reward,390.0,1,4
P01,reward_first,2,5,no_reward,661.0,1,4
P01,reward_first,2,6,no_reward,543.0,1,4
P01,reward_first,2,7,no_reward,647.0,1,4
P01,reward_first,2,8,no_reward,569.0,1,4
P01,reward_first,2,9,no_reward,533.0,0,4
P01,reward_first,2,10,no_reward,499.0,1,4
P01,reward_first,2,11,no_reward,710.0,1,4
P01,reward_first,2,12,no_reward,346.0,1,4
P01,reward_first,2,13,no_reward,477.0,1,4
P01,reward_first,2,14,no_reward,545.0,1,4
P01,reward_first,2,15,no_reward,460.0,1,4
P01,reward_first,2,16,no_reward,435.0,1,4
P01,reward_first,2,17,no_reward,668.0,1,4
P01,reward_first,2,18,no_reward,582.0,1,4
P01,reward_first,2,19,no_reward,377.0,1,4
P01,reward_first,2,20,no_reward,573.0,1,4
P01,reward_first,3,1,reward,665.0,1,5
P01,reward_first,3,2,reward,521.0,1,5
P01,reward_first,3,3,reward,596.0,0,5
P01,reward_first,3,4,reward,507.0,1,5
P01,reward_first,3,5,reward,484.0,1,5
P01,reward_first,3,6,reward,646.0,0,5
P01,reward_first,3,7,reward,499.0,1,5
P01,reward_first,3,8,reward,543.0,1,5
P01,reward_first,3,9,reward,518.0,1,5
P01,reward_first,3,10,reward,593.0,1,5
P01,reward_first,3,11,reward,544.0,1,5
P01,reward_first,3,12,reward,519.0,1,5
P01,reward_first,3,13,reward,299.0,1,5
P01,reward_first,3,14,reward,514.0,1,5
P01,reward_first,3,15,reward,442.0,1,5
P01,reward_first,3,16,reward,540.0,0,5
P01,reward_first,3,17,reward,501.0,0,5
P01,reward_first,3,18,reward,533.0,1,5
P01,reward_first,3,19,reward,426.0,1,5
P01,reward_first,3,20,reward,395.0,1,5
P01,reward_first,4,1,no_reward,521.0,1,4
P01,reward_first,4,2,no_reward,557.0,1,4
P01,reward_first,4,3,no_reward,493.0,1,4
P01,reward_first,4,4,no_reward,405.0,1,4
P01,reward_first,4,5,no_reward,484.0,1,4
P01,reward_first,4,6,no_reward,395.0,1,4
P01,reward_first,4,7,no_reward,420.0,0,4
P01,reward_first,4,8,no_reward,594.0,1,4
P01,reward_first,4,9,no_reward,583.0,1,4
P01,reward_first,4,10,no_reward,440.0,1,4
P01,reward_first,4,11,no_reward,535.0,1,4
P01,reward_first,4,12,no_reward,492.0,1,4
P01,reward_first,4,13,no_reward,529.0,0,4
P01,reward_first,4,14,no_reward,434.0,1,4
P01,reward_first,4,15,no_reward,622.0,1,4
P01,reward_first,4,16,no_reward,472.0,1,4
P01,reward_first,4,17,no_reward,378.0,1,4
P01,reward_first,4,18,no_reward,454.0,1,4
P01,reward_first,4,19,no_reward,459.0,1,4
P01,reward_first,4,20,no_reward,617.0,1,4
P02,no_reward_first,1,1,no_reward,683.0,1,5
P02,no_reward_first,1,2,no_reward,613.0,0,5
P02,no_reward_first,1,3,no_reward,908.0,1,5
P02,no_reward_first,1,4,no_reward,570.0,1,5
P02,no_reward_first,1,5,no_reward,492.0,1,5
P02,no_reward_first,1,6,no_reward,708.0,1,5
P02,no_reward_first,1,7,no_reward,465.0,1,5
P02,no_reward_first,1,8,no_reward,556.0,1,5
P02,no_reward_first,1,9,no_reward,712.0,1,5
P02,no_reward_first,1,10,no_reward,569.0,1,5
P02,no_reward_first,1,11,no_reward,636.0,1,5
P02,no_reward_first,1,12,no_reward,928.0,0,5
P02,no_reward_first,1,13,no_reward,790.0,1,5
P02,no_reward_first,1,14,no_reward,489.0,1,5
P02,no_reward_first,1,15,no_reward,561.0,1,5
P02,no_reward_first,1,16,no_reward,692.0,1,5
P02,no_reward_first,1,17,no_reward,603.0,1,5
P02,no_reward_first,1,18,no_reward,616.0,1,5
P02,no_reward_first,1,19,no_reward,497.0,1,5
P02,no_reward_first,1,20,no_reward,601.0,1,5
P02,no_reward_first,2,1,reward,411.0,1,5
P02,no_reward_first,2,2,reward,497.0,1,5
P02,no_reward_first,2,3,reward,488.0,1,5
P02,no_reward_first,2,4,reward,513.0,1,5
P02,no_reward_first,2,5,reward,453.0,1,5
P02,no_reward_first,2,6,reward,438.0,1,5
P02,no_reward_first,2,7,reward,497.0,1,5
P02,no_reward_first,2,8,reward,581.0,1,5
P02,no_reward_first,2,9,reward,823.0,1,5
P02,no_reward_first,2,10,reward,715.0,1,5
P02,no_reward_first,2,11,reward,360.0,1,5
P02,no_reward_first,2,12,reward,525.0,1,5
P02,no_reward_first,2,13,reward,460.0,1,5
P02,no_reward_first,2,14,reward,521.0,1,5
P02,no_reward_first,2,15,reward,555.0,1,5
P02,no_reward_first,2,16,reward,509.0,1,5
P02,no_reward_first,2,17,reward,428.0,1,5
P02,no_reward_first,2,18,reward,496.0,1,5
P02,no_reward_first,2,19,reward,570.0,1,5
P02,no_reward_first,2,20,reward,675.0,0,5
P02,no_reward_first,3,1,no_reward,756.0,1,4
P02,no_reward_first,3,2,no_reward,544.0,1,4
P02,no_reward_first,3,3,no_reward,434.0,1,4
P02,no_reward_first,3,4,no_reward,636.0,1,4
P02,no_reward_first,3,5,no_reward,651.0,1,4
P02,no_reward_first,3,6,no_reward,91.0,0,4
P02,no_reward_first,3,7,no_reward,539.0,1,4
P02,no_reward_first,3,8,no_reward,832.0,0,4
P02,no_reward_first,3,9,no_reward,474.0,1,4
P02,no_reward_first,3,10,no_reward,612.0,0,4
P02,no_reward_first,3,11,no_reward,688.0,1,4
P02,no_reward_first,3,12,no_reward,549.0,1,4
P02,no_reward_first,3,13,no_reward,621.0,1,4
P02,no_reward_first,3,14,no_reward,616.0,1,4
P02,no_reward_first,3,15,no_reward,536.0,1,4
P02,no_reward_first,3,16,no_reward,560.0,1,4
P02,no_reward_first,3,17,no_reward,297.0,1,4
P02,no_reward_first,3,18,no_reward,577.0,1,4
P02,no_reward_first,3,19,no_reward,774.0,1,4
P02,no_reward_first,3,20,no_reward,611.0,1,4
P02,no_reward_first,4,1,reward,554.0,1,4
P02,no_reward_first,4,2,reward,362.0,0,4
P02,no_reward_first,4,3,reward,440.0,1,4
P02,no_reward_first,4,4,reward,747.0,1,4
P02,no_reward_first,4,5,reward,615.0,1,4
P02,no_reward_first,4,6,reward,390.0,1,4
P02,no_reward_first,4,7,reward,664.0,1,4
P02,no_reward_first,4,8,reward,685.0,1,4
P02,no_reward_first,4,9,reward,464.0,1,4
P02,no_reward_first,4,10,reward,662.0,1,4
P02,no_reward_first,4,11,reward,575.0,1,4
P02,no_reward_first,4,12,reward,827.0,1,4
P02,no_reward_first,4,13,reward,696.0,1,4
P02,no_reward_first,4,14,reward,591.0,1,4
P02,no_reward_first,4,15,reward,677.0,1,4
P02,no_reward_first,4,16,reward,577.0,1,4
P02,no_reward_first,4,17,reward,643.0,1,4
P02,no_reward_first,4,18,reward,592.0,1,4
P02,no_reward_first,4,19,reward,568.0,0,4
P02,no_reward_first,4,20,reward,526.0,1,4
P03,reward_first,1,1,reward,599.0,1,6
P03,reward_first,1,2,reward,750.0,0,6
P03,reward_first,1,3,reward,544.0,1,6
P03,reward_first,1,4,reward,941.0,1,6
P03,reward_first,1,5,reward,,0,6
P03,reward_first,1,6,reward,448.0,1,6
P03,reward_first,1,7,reward,678.0,1,6
P03,reward_first,1,8,reward,485.0,1,6
P03,reward_first,1,9,reward,761.0,1,6
P03,reward_first,1,10,reward,770.0,1,6
P03,reward_first,1,11,reward,595.0,1,6
P03,reward_first,1,12,reward,619.0,1,6
P03,reward_first,1,13,reward,454.0,1,6
P03,reward_first,1,14,reward,633.0,1,6
P03,reward_first,1,15,reward,587.0,1,6
P03,reward_first,1,16,reward,502.0,1,6
P03,reward_first,1,17,reward,604.0,1,6
P03,reward_first,1,18,reward,570.0,1,6
P03,reward_first,1,19,reward,548.0,1,6
P03,reward_first,1,20,reward,416.0,1,6
P03,reward_first,2,1,no_reward,717.0,1,5
P03,reward_first,2,2,no_reward,543.0,1,5
P03,reward_first,2,3,no_reward,611.0,1,5
P03,reward_first,2,4,no_reward,756.0,1,5
P03,reward_first,2,5,no_reward,494.0,1,5
P03,reward_first,2,6,no_reward,531.0,1,5
P03,reward_first,2,7,no_reward,753.0,1,5
P03,reward_first,2,8,no_reward,862.0,1,5
P03,reward_first,2,9,no_reward,470.0,1,5
P03,reward_first,2,10,no_reward,767.0,1,5
P03,reward_first,2,11,no_reward,549.0,1,5
P03,reward_first,2,12,no_reward,661.0,1,5
P03,reward_first,2,13,no_reward,814.0,1,5
P03,reward_first,2,14,no_reward,599.0,1,5
P03,reward_first,2,15,no_reward,691.0,1,5
P03,reward_first,2,16,no_reward,849.0,1,5
P03,reward_first,2,17,no_reward,722.0,1,5
P03,reward_first,2,18,no_reward,660.0,0,5
P03,reward_first,2,19,no_reward,790.0,1,5
P03,reward_first,2,20,no_reward,795.0,0,5
P03,reward_first,3,1,reward,692.0,1,4
P03,reward_first,3,2,reward,468.0,1,4
P03,reward_first,3,3,reward,646.0,1,4
P03,reward_first,3,4,reward,809.0,1,4
P03,reward_first,3,5,reward,621.0,1,4
P03,reward_first,3,6,reward,426.0,1,4
P03,reward_first,3,7,reward,784.0,1,4
P03,reward_first,3,8,reward,561.0,1,4
P03,reward_first,3,9,reward,648.0,1,4
P03,reward_first,3,10,reward,431.0,1,4
P03,reward_first,3,11,reward,627.0,1,4
P03,reward_first,3,12,reward,565.0,1,4
P03,reward_first,3,13,reward,638.0,1,4
P03,reward_first,3,14,reward,527.0,1,4
P03,reward_first,3,15,reward,778.0,1,4
P03,reward_first,3,16,reward,439.0,1,4
P03,reward_first,3,17,reward,588.0,1,4
P03,reward_first,3,18,reward,441.0,1,4
P03,reward_first,3,19,reward,547.0,1,4
P03,reward_first,3,20,reward,544.0,1,4
P03,reward_first,4,1,no_reward,613.0,1,3
P03,reward_first,4,2,no_reward,650.0,1,3
P03,reward_first,4,3,no_reward,774.0,1,3
P03,reward_first,4,4,no_reward,589.0,1,3
P03,reward_first,4,5,no_reward,473.0,1,3
P03,reward_first,4,6,no_reward,459.0,1,3
P03,reward_first,4,7,no_reward,765.0,1,3
P03,reward_first,4,8,no_reward,587.0,1,3
P03,reward_first,4,9,no_reward,526.0,1,3
P03,reward_first,4,10,no_reward,1047.0,1,3
P03,reward_first,4,11,no_reward,683.0,1,3
P03,reward_first,4,12,no_reward,610.0,1,3
P03,reward_first,4,13,no_reward,450.0,1,3
P03,reward_first,4,14,no_reward,688.0,1,3
P03,reward_first,4,15,no_reward,490.0,1,3
P03,reward_first,4,16,no_reward,685.0,1,3
P03,reward_first,4,17,no_reward,429.0,0,3
P03,reward_first,4,18,no_reward,609.0,1,3
P03,reward_first,4,19,no_reward,703.0,1,3
P03,reward_first,4,20,no_reward,657.0,1,3
P04,no_reward_first,1,1,no_reward,708.0,1,5
P04,no_reward_first,1,2,no_reward,685.0,1,5
P04,no_reward_first,1,3,no_reward,878.0,1,5
P04,no_reward_first,1,4,no_reward,607.0,1,5
P04,no_reward_first,1,5,no_reward,798.0,1,5
P04,no_reward_first,1,6,no_reward,547.0,1,5
P04,no_reward_first,1,7,no_reward,468.0,1,5
P04,no_reward_first,1,8,no_reward,514.0,1,5
P04,no_reward_first,1,9,no_reward,557.0,1,5
P04,no_reward_first,1,10,no_reward,649.0,1,5
P04,no_reward_first,1,11,no_reward,410.0,1,5
P04,no_reward_first,1,12,no_reward,688.0,1,5
P04,no_reward_first,1,13,no_reward,662.0,1,5
P04,no_reward_first,1,14,no_reward,399.0,1,5
P04,no_reward_first,1,15,no_reward,405.0,1,5
P04,no_reward_first,1,16,no_reward,760.0,1,5
P04,no_reward_first,1,17,no_reward,604.0,0,5
P04,no_reward_first,1,18,no_reward,797.0,1,5
P04,no_reward_first,1,19,no_reward,645.0,1,5
P04,no_reward_first,1,20,no_reward,782.0,1,5
P04,no_reward_first,2,1,reward,562.0,1,4
P04,no_reward_first,2,2,reward,617.0,1,4
P04,no_reward_first,2,3,reward,680.0,1,4
P04,no_reward_first,2,4,reward,541.0,1,4
P04,no_reward_first,2,5,reward,446.0,0,4
P04,no_reward_first,2,6,reward,747.0,1,4
P04,no_reward_first,2,7,reward,964.0,1,4
P04,no_reward_first,2,8,reward,521.0,1,4
P04,no_reward_first,2,9,reward,518.0,1,4
P04,no_reward_first,2,10,reward,655.0,1,4
P04,no_reward_first,2,11,reward,593.0,1,4
P04,no_reward_first,2,12,reward,585.0,1,4
P04,no_reward_first,2,13,reward,443.0,1,4
P04,no_reward_first,2,14,reward,516.0,1,4
P04,no_reward_first,2,15,reward,432.0,1,4
P04,no_reward_first,2,16,reward,559.0,1,4
P04,no_reward_first,2,17,reward,457.0,1,4
P04,no_reward_first,2,18,reward,534.0,1,4
P04,no_reward_first,2,19,reward,499.0,1,4
P04,no_reward_first,2,20,reward,584.0,1,4
P04,no_reward_first,3,1,no_reward,558.0,0,4
P04,no_reward_first,3,2,no_reward,580.0,1,4
P04,no_reward_first,3,3,no_reward,750.0,1,4
P04,no_reward_first,3,4,no_reward,689.0,1,4
P04,no_reward_first,3,5,no_reward,629.0,0,4
P04,no_reward_first,3,6,no_reward,681.0,1,4
P04,no_reward_first,3,7,no_reward,564.0,1,4
P04,no_reward_first,3,8,no_reward,,0,4
P04,no_reward_first,3,9,no_reward,669.0,1,4
P04,no_reward_first,3,10,no_reward,115.0,1,4
P04,no_reward_first,3,11,no_reward,,0,4
P04,no_reward_first,3,12,no_reward,521.0,1,4
P04,no_reward_first,3,13,no_reward,542.0,0,4
P04,no_reward_first,3,14,no_reward,756.0,1,4
P04,no_reward_first,3,15,no_reward,752.0,1,4
P04,no_reward_first,3,16,no_reward,616.0,0,4
P04,no_reward_first,3,17,no_reward,678.0,1,4
P04,no_reward_first,3,18,no_reward,502.0,1,4
P04,no_reward_first,3,19,no_reward,660.0,0,4
P04,no_reward_first,3,20,no_reward,504.0,0,4
P04,no_reward_first,4,1,reward,543.0,1,5
P04,no_reward_first,4,2,reward,587.0,1,5
P04,no_reward_first,4,3,reward,526.0,1,5
P04,no_reward_first,4,4,reward,543.0,1,5
P04,no_reward_first,4,5,reward,546.0,1,5
P04,no_reward_first,4,6,reward,518.0,1,5
P04,no_reward_first,4,7,reward,519.0,1,5
P04,no_reward_first,4,8,reward,431.0,1,5
P04,no_reward_first,4,9,reward,600.0,1,5
P04,no_reward_first,4,10,reward,532.0,1,5
P04,no_reward_first,4,11,reward,498.0,1,5
P04,no_reward_first,4,12,reward,620.0,1,5
P04,no_reward_first,4,13,reward,668.0,1,5
P04,no_reward_first,4,14,reward,447.0,1,5
P04,no_reward_first,4,15,reward,648.0,1,5
P04,no_reward_first,4,16,reward,572.0,1,5
P04,no_reward_first,4,17,reward,647.0,0,5
P04,no_reward_first,4,18,reward,615.0,0,5
P04,no_reward_first,4,19,reward,522.0,0,5
P04,no_reward_first,4,20,reward,566.0,1,5
P05,reward_first,1,1,reward,618.0,1,6
P05,reward_first,1,2,reward,603.0,1,6
P05,reward_first,1,3,reward,418.0,1,6
P05,reward_first,1,4,reward,499.0,0,6
P05,reward_first,1,5,reward,499.0,1,6
P05,reward_first,1,6,reward,646.0,1,6
P05,reward_first,1,7,reward,547.0,1,6
P05,reward_first,1,8,reward,297.0,1,6
P05,reward_first,1,9,reward,420.0,0,6
P05,reward_first,1,10,reward,3716.0,1,6
P05,reward_first,1,11,reward,519.0,1,6
P05,reward_first,1,12,reward,555.0,1,6
P05,reward_first,1,13,reward,551.0,1,6
P05,reward_first,1,14,reward,580.0,1,6
P05,reward_first,1,15,reward,3296.0,1,6
P05,reward_first,1,16,reward,669.0,1,6
P05,reward_first,1,17,reward,451.0,1,6
P05,reward_first,1,18,reward,105.0,0,6
P05,reward_first,1,19,reward,484.0,1,6
P05,reward_first,1,20,reward,526.0,1,6
P05,reward_first,2,1,no_reward,582.0,1,5
P05,reward_first,2,2,no_reward,407.0,1,5
P05,reward_first,2,3,no_reward,522.0,1,5
P05,reward_first,2,4,no_reward,786.0,1,5
P05,reward_first,2,5,no_reward,608.0,1,5
P05,reward_first,2,6,no_reward,614.0,1,5
P05,reward_first,2,7,no_reward,610.0,1,5
P05,reward_first,2,8,no_reward,676.0,1,5
P05,reward_first,2,9,no_reward,533.0,1,5
P05,reward_first,2,10,no_reward,468.0,1,5
P05,reward_first,2,11,no_reward,775.0,1,5
P05,reward_first,2,12,no_reward,578.0,1,5
P05,reward_first,2,13,no_reward,4014.0,1,5
P05,reward_first,2,14,no_reward,584.0,1,5
P05,reward_first,2,15,no_reward,377.0,1,5
P05,reward_first,2,16,no_reward,674.0,1,5
P05,reward_first,2,17,no_reward,470.0,1,5
P05,reward_first,2,18,no_reward,459.0,1,5
P05,reward_first,2,19,no_reward,623.0,1,5
P05,reward_first,2,20,no_reward,762.0,0,5
P05,reward_first,3,1,reward,3542.0,1,4
P05,reward_first,3,2,reward,598.0,1,4
P05,reward_first,3,3,reward,698.0,1,4
P05,reward_first,3,4,reward,136.0,1,4
P05,reward_first,3,5,reward,531.0,1,4
P05,reward_first,3,6,reward,513.0,1,4
P05,reward_first,3,7,reward,406.0,1,4
P05,reward_first,3,8,reward,566.0,1,4
P05,reward_first,3,9,reward,488.0,1,4
P05,reward_first,3,10,reward,413.0,1,4
P05,reward_first,3,11,reward,494.0,1,4
P05,reward_first,3,12,reward,567.0,1,4
P05,reward_first,3,13,reward,536.0,1,4
P05,reward_first,3,14,reward,,0,4
P05,reward_first,3,15,reward,623.0,1,4
P05,reward_first,3,16,reward,511.0,1,4
P05,reward_first,3,17,reward,644.0,1,4
P05,reward_first,3,18,reward,483.0,1,4
P05,reward_first,3,19,reward,590.0,1,4
P05,reward_first,3,20,reward,468.0,1,4
P05,reward_first,4,1,no_reward,546.0,1,4
P05,reward_first,4,2,no_reward,579.0,1,4
P05,reward_first,4,3,no_reward,866.0,1,4
P05,reward_first,4,4,no_reward,595.0,0,4
P05,reward_first,4,5,no_reward,578.0,1,4
P05,reward_first,4,6,no_reward,599.0,1,4
P05,reward_first,4,7,no_reward,536.0,1,4
P05,reward_first,4,8,no_reward,574.0,1,4
P05,reward_first,4,9,no_reward,,0,4
P05,reward_first,4,10,no_reward,378.0,1,4
P05,reward_first,4,11,no_reward,443.0,1,4
P05,reward_first,4,12,no_reward,624.0,1,4
P05,reward_first,4,13,no_reward,507.0,1,4
P05,reward_first,4,14,no_reward,625.0,1,4
P05,reward_first,4,15,no_reward,405.0,1,4
P05,reward_first,4,16,no_reward,654.0,1,4
P05,reward_first,4,17,no_reward,738.0,1,4
P05,reward_first,4,18,no_reward,558.0,1,4
P05,reward_first,4,19,no_reward,589.0,0,4
P05,reward_first,4,20,no_reward,434.0,1,4
P06,no_reward_first,1,1,no_reward,596.0,1,4
P06,no_reward_first,1,2,no_reward,443.0,0,4
P06,no_reward_first,1,3,no_reward,513.0,0,4
P06,no_reward_first,1,4,no_reward,733.0,1,4
P06,no_reward_first,1,5,no_reward,631.0,0,4
P06,no_reward_first,1,6,no_reward,755.0,1,4
P06,no_reward_first,1,7,no_reward,4382.0,0,4
P06,no_reward_first,1,8,no_reward,,0,4
P06,no_reward_first,1,9,no_reward,879.0,1,4
P06,no_reward_first,1,10,no_reward,771.0,1,4
P06,no_reward_first,1,11,no_reward,677.0,1,4
P06,no_reward_first,1,12,no_reward,613.0,0,4
P06,no_reward_first,1,13,no_reward,578.0,1,4
P06,no_reward_first,1,14,no_reward,799.0,1,4
P06,no_reward_first,1,15,no_reward,658.0,1,4
P06,no_reward_first,1,16,no_reward,530.0,1,4
P06,no_reward_first,1,17,no_reward,542.0,1,4
P06,no_reward_first,1,18,no_reward,704.0,0,4
P06,no_reward_first,1,19,no_reward,553.0,1,4
P06,no_reward_first,1,20,no_reward,642.0,1,4
P06,no_reward_first,2,1,reward,433.0,1,6
P06,no_reward_first,2,2,reward,769.0,1,6
P06,no_reward_first,2,3,reward,428.0,1,6
P06,no_reward_first,2,4,reward,618.0,1,6
P06,no_reward_first,2,5,reward,824.0,0,6
P06,no_reward_first,2,6,reward,720.0,1,6
P06,no_reward_first,2,7,reward,450.0,1,6
P06,no_reward_first,2,8,reward,510.0,1,6
P06,no_reward_first,2,9,reward,667.0,1,6
P06,no_reward_first,2,10,reward,494.0,1,6
P06,no_reward_first,2,11,reward,516.0,1,6
P06,no_reward_first,2,12,reward,590.0,1,6
P06,no_reward_first,2,13,reward,547.0,1,6
P06,no_reward_first,2,14,reward,615.0,1,6
P06,no_reward_first,2,15,reward,829.0,1,6
P06,no_reward_first,2,16,reward,709.0,0,6
P06,no_reward_first,2,17,reward,681.0,1,6
P06,no_reward_first,2,18,reward,505.0,1,6
P06,no_reward_first,2,19,reward,688.0,1,6
P06,no_reward_first,2,20,reward,616.0,1,6
P06,no_reward_first,3,1,no_reward,1019.0,1,2
P06,no_reward_first,3,2,no_reward,640.0,1,2
P06,no_reward_first,3,3,no_reward,,0,2
P06,no_reward_first,3,4,no_reward,544.0,1,2
P06,no_reward_first,3,5,no_reward,438.0,1,2
P06,no_reward_first,3,6,no_reward,587.0,1,2
P06,no_reward_first,3,7,no_reward,733.0,1,2
P06,no_reward_first,3,8,no_reward,447.0,1,2
P06,no_reward_first,3,9,no_reward,796.0,1,2
P06,no_reward_first,3,10,no_reward,581.0,0,2
P06,no_reward_first,3,11,no_reward,659.0,1,2
P06,no_reward_first,3,12,no_reward,733.0,1,2
P06,no_reward_first,3,13,no_reward,738.0,1,2
P06,no_reward_first,3,14,no_reward,719.0,1,2
P06,no_reward_first,3,15,no_reward,665.0,1,2
P06,no_reward_first,3,16,no_reward,471.0,1,2
P06,no_reward_first,3,17,no_reward,,0,2
P06,no_reward_first,3,18,no_reward,727.0,1,2
P06,no_reward_first,3,19,no_reward,679.0,1,2
P06,no_reward_first,3,20,no_reward,540.0,1,2
P06,no_reward_first,4,1,reward,99.0,1,6
P06,no_reward_first,4,2,reward,835.0,1,6
P06,no_reward_first,4,3,reward,761.0,1,6
P06,no_reward_first,4,4,reward,592.0,1,6
P06,no_reward_first,4,5,reward,548.0,1,6
P06,no_reward_first,4,6,reward,906.0,1,6
P06,no_reward_first,4,7,reward,112.0,1,6
P06,no_reward_first,4,8,reward,498.0,1,6
P06,no_reward_first,4,9,reward,652.0,1,6
P06,no_reward_first,4,10,reward,709.0,1,6
P06,no_reward_first,4,11,reward,619.0,1,6
P06,no_reward_first,4,12,reward,684.0,1,6
P06,no_reward_first,4,13,reward,623.0,1,6
P06,no_reward_first,4,14,reward,129.0,1,6
P06,no_reward_first,4,15,reward,670.0,1,6
P06,no_reward_first,4,16,reward,724.0,1,6
P06,no_reward_first,4,17,reward,716.0,1,6
P06,no_reward_first,4,18,reward,547.0,0,6
P06,no_reward_first,4,19,reward,489.0,1,6
P06,no_reward_first,4,20,reward,574.0,1,6
P07,reward_first,1,1,reward,374.0,1,2
P07,reward_first,1,2,reward,247.0,0,2
P07,reward_first,1,3,reward,806.0,0,2
P07,reward_first,1,4,reward,303.0,1,2
P07,reward_first,1,5,reward,265.0,0,2
P07,reward_first,1,6,reward,791.0,1,2
P07,reward_first,1,7,reward,328.0,0,2
P07,reward_first,1,8,reward,240.0,1,2
P07,reward_first,1,9,reward,390.0,0,2
P07,reward_first,1,10,reward,362.0,0,2
P07,reward_first,1,11,reward,525.0,1,2
P07,reward_first,1,12,reward,813.0,0,2
P07,reward_first,1,13,reward,285.0,1,2
P07,reward_first,1,14,reward,4076.0,1,2
P07,reward_first,1,15,reward,488.0,1,2
P07,reward_first,1,16,reward,305.0,0,2
P07,reward_first,1,17,reward,198.0,0,2
P07,reward_first,1,18,reward,148.0,0,2
P07,reward_first,1,19,reward,290.0,1,2
P07,reward_first,1,20,reward,348.0,1,2
P07,reward_first,2,1,no_reward,428.0,1,1
P07,reward_first,2,2,no_reward,496.0,0,1
P07,reward_first,2,3,no_reward,484.0,0,1
P07,reward_first,2,4,no_reward,139.0,1,1
P07,reward_first,2,5,no_reward,341.0,0,1
P07,reward_first,2,6,no_reward,603.0,1,1
P07,reward_first,2,7,no_reward,701.0,0,1
P07,reward_first,2,8,no_reward,359.0,1,1
P07,reward_first,2,9,no_reward,137.0,0,1
P07,reward_first,2,10,no_reward,298.0,0,1
P07,reward_first,2,11,no_reward,607.0,1,1
P07,reward_first,2,12,no_reward,378.0,1,1
P07,reward_first,2,13,no_reward,402.0,1,1
P07,reward_first,2,14,no_reward,269.0,1,1
P07,reward_first,2,15,no_reward,510.0,1,1
P07,reward_first,2,16,no_reward,282.0,1,1
P07,reward_first,2,17,no_reward,369.0,1,1
P07,reward_first,2,18,no_reward,243.0,0,1
P07,reward_first,2,19,no_reward,1497.0,0,1
P07,reward_first,2,20,no_reward,460.0,1,1
P07,reward_first,3,1,reward,331.0,0,2
P07,reward_first,3,2,reward,442.0,1,2
P07,reward_first,3,3,reward,343.0,1,2
P07,reward_first,3,4,reward,1258.0,1,2
P07,reward_first,3,5,reward,299.0,1,2
P07,reward_first,3,6,reward,710.0,0,2
P07,reward_first,3,7,reward,468.0,0,2
P07,reward_first,3,8,reward,164.0,0,2
P07,reward_first,3,9,reward,541.0,0,2
P07,reward_first,3,10,reward,267.0,0,2
P07,reward_first,3,11,reward,553.0,1,2
P07,reward_first,3,12,reward,244.0,0,2
P07,reward_first,3,13,reward,779.0,1,2
P07,reward_first,3,14,reward,327.0,1,2
P07,reward_first,3,15,reward,489.0,1,2
P07,reward_first,3,16,reward,650.0,0,2
P07,reward_first,3,17,reward,512.0,1,2
P07,reward_first,3,18,reward,282.0,0,2
P07,reward_first,3,19,reward,394.0,0,2
P07,reward_first,3,20,reward,441.0,1,2
P07,reward_first,4,1,no_reward,360.0,0,1
P07,reward_first,4,2,no_reward,449.0,0,1
P07,reward_first,4,3,no_reward,329.0,1,1
P07,reward_first,4,4,no_reward,355.0,1,1
P07,reward_first,4,5,no_reward,210.0,0,1
P07,reward_first,4,6,no_reward,259.0,1,1
P07,reward_first,4,7,no_reward,340.0,0,1
P07,reward_first,4,8,no_reward,326.0,0,1
P07,reward_first,4,9,no_reward,286.0,0,1
P07,reward_first,4,10,no_reward,343.0,0,1
P07,reward_first,4,11,no_reward,182.0,1,1
P07,reward_first,4,12,no_reward,703.0,0,1
P07,reward_first,4,13,no_reward,486.0,1,1
P07,reward_first,4,14,no_reward,716.0,0,1
P07,reward_first,4,15,no_reward,235.0,0,1
P07,reward_first,4,16,no_reward,320.0,1,1
P07,reward_first,4,17,no_reward,694.0,0,1
P07,reward_first,4,18,no_reward,441.0,1,1
P07,reward_first,4,19,no_reward,898.0,0,1
P07,reward_first,4,20,no_reward,267.0,0,1
P08,no_reward_first,1,1,no_reward,426.0,1,5
P08,no_reward_first,1,2,no_reward,925.0,1,5
P08,no_reward_first,1,3,no_reward,727.0,1,5
P08,no_reward_first,1,4,no_reward,568.0,0,5
P08,no_reward_first,1,5,no_reward,943.0,1,5
P08,no_reward_first,1,6,no_reward,447.0,1,5
P08,no_reward_first,1,7,no_reward,569.0,1,5
P08,no_reward_first,1,8,no_reward,781.0,1,5
P08,no_reward_first,1,9,no_reward,665.0,1,5
P08,no_reward_first,1,10,no_reward,760.0,1,5
P08,no_reward_first,1,11,no_reward,705.0,1,5
P08,no_reward_first,1,12,no_reward,590.0,1,5
P08,no_reward_first,1,13,no_reward,982.0,1,5
P08,no_reward_first,1,14,no_reward,790.0,1,5
P08,no_reward_first,1,15,no_reward,914.0,1,5
P08,no_reward_first,1,16,no_reward,574.0,1,5
P08,no_reward_first,1,17,no_reward,,0,5
P08,no_reward_first,1,18,no_reward,894.0,1,5
P08,no_reward_first,1,19,no_reward,577.0,1,5
P08,no_reward_first,1,20,no_reward,682.0,1,5
P08,no_reward_first,2,1,reward,713.0,1,5
P08,no_reward_first,2,2,reward,551.0,0,5
P08,no_reward_first,2,3,reward,363.0,1,5
P08,no_reward_first,2,4,reward,442.0,1,5
P08,no_reward_first,2,5,reward,622.0,1,5
P08,no_reward_first,2,6,reward,503.0,1,5
P08,no_reward_first,2,7,reward,523.0,1,5
P08,no_reward_first,2,8,reward,518.0,1,5
P08,no_reward_first,2,9,reward,384.0,1,5
P08,no_reward_first,2,10,reward,534.0,1,5
P08,no_reward_first,2,11,reward,563.0,1,5
P08,no_reward_first,2,12,reward,389.0,1,5
P08,no_reward_first,2,13,reward,504.0,1,5
P08,no_reward_first,2,14,reward,453.0,1,5
P08,no_reward_first,2,15,reward,594.0,1,5
P08,no_reward_first,2,16,reward,429.0,1,5
P08,no_reward_first,2,17,reward,557.0,1,5
P08,no_reward_first,2,18,reward,596.0,1,5
P08,no_reward_first,2,19,reward,512.0,1,5
P08,no_reward_first,2,20,reward,620.0,0,5
P08,no_reward_first,3,1,no_reward,510.0,1,4
P08,no_reward_first,3,2,no_reward,407.0,1,4
P08,no_reward_first,3,3,no_reward,537.0,0,4
P08,no_reward_first,3,4,no_reward,449.0,0,4
P08,no_reward_first,3,5,no_reward,803.0,1,4
P08,no_reward_first,3,6,no_reward,420.0,1,4
P08,no_reward_first,3,7,no_reward,764.0,1,4
P08,no_reward_first,3,8,no_reward,549.0,1,4
P08,no_reward_first,3,9,no_reward,437.0,1,4
P08,no_reward_first,3,10,no_reward,644.0,1,4
P08,no_reward_first,3,11,no_reward,626.0,0,4
P08,no_reward_first,3,12,no_reward,4671.0,1,4
P08,no_reward_first,3,13,no_reward,682.0,1,4
P08,no_reward_first,3,14,no_reward,456.0,0,4
P08,no_reward_first,3,15,no_reward,598.0,1,4
P08,no_reward_first,3,16,no_reward,746.0,1,4
P08,no_reward_first,3,17,no_reward,608.0,1,4
P08,no_reward_first,3,18,no_reward,723.0,1,4
P08,no_reward_first,3,19,no_reward,701.0,0,4
P08,no_reward_first,3,20,no_reward,723.0,0,4
P08,no_reward_first,4,1,reward,600.0,1,6
P08,no_reward_first,4,2,reward,515.0,1,6
P08,no_reward_first,4,3,reward,865.0,1,6
P08,no_reward_first,4,4,reward,702.0,1,6
P08,no_reward_first,4,5,reward,530.0,1,6
P08,no_reward_first,4,6,reward,551.0,1,6
P08,no_reward_first,4,7,reward,504.0,0,6
P08,no_reward_first,4,8,reward,409.0,1,6
P08,no_reward_first,4,9,reward,533.0,1,6
P08,no_reward_first,4,10,reward,570.0,1,6
P08,no_reward_first,4,11,reward,,0,6
P08,no_reward_first,4,12,reward,515.0,1,6
P08,no_reward_first,4,13,reward,613.0,1,6
P08,no_reward_first,4,14,reward,606.0,1,6
P08,no_reward_first,4,15,reward,514.0,1,6
P08,no_reward_first,4,16,reward,409.0,1,6
P08,no_reward_first,4,17,reward,475.0,1,6
P08,no_reward_first,4,18,reward,576.0,1,6
P08,no_reward_first,4,19,reward,547.0,1,6
P08,no_reward_first,4,20,reward,584.0,1,6
P09,reward_first,1,1,reward,834.0,1,7
P09,reward_first,1,2,reward,859.0,1,7
P09,reward_first,1,3,reward,982.0,1,7
P09,reward_first,1,4,reward,715.0,1,7
P09,reward_first,1,5,reward,913.0,1,7
P09,reward_first,1,6,reward,714.0,0,7
P09,reward_first,1,7,reward,854.0,1,7
P09,reward_first,1,8,reward,794.0,1,7
P09,reward_first,1,9,reward,1006.0,1,7
P09,reward_first,1,10,reward,774.0,1,7
P09,reward_first,1,11,reward,990.0,1,7
P09,reward_first,1,12,reward,716.0,1,7
P09,reward_first,1,13,reward,891.0,1,7
P09,reward_first,1,14,reward,784.0,1,7
P09,reward_first,1,15,reward,876.0,1,7
P09,reward_first,1,16,reward,619.0,1,7
P09,reward_first,1,17,reward,986.0,1,7
P09,reward_first,1,18,reward,631.0,1,7
P09,reward_first,1,19,reward,542.0,1,7
P09,reward_first,1,20,reward,730.0,1,7
P09,reward_first,2,1,no_reward,741.0,1,3
P09,reward_first,2,2,no_reward,758.0,1,3
P09,reward_first,2,3,no_reward,675.0,1,3
P09,reward_first,2,4,no_reward,734.0,1,3
P09,reward_first,2,5,no_reward,1014.0,1,3
P09,reward_first,2,6,no_reward,1049.0,1,3
P09,reward_first,2,7,no_reward,663.0,1,3
P09,reward_first,2,8,no_reward,750.0,1,3
P09,reward_first,2,9,no_reward,833.0,1,3
P09,reward_first,2,10,no_reward,582.0,0,3
P09,reward_first,2,11,no_reward,874.0,1,3
P09,reward_first,2,12,no_reward,730.0,1,3
P09,reward_first,2,13,no_reward,859.0,0,3
P09,reward_first,2,14,no_reward,129.0,0,3
P09,reward_first,2,15,no_reward,737.0,1,3
P09,reward_first,2,16,no_reward,1060.0,1,3
P09,reward_first,2,17,no_reward,918.0,1,3
P09,reward_first,2,18,no_reward,841.0,1,3
P09,reward_first,2,19,no_reward,819.0,1,3
P09,reward_first,2,20,no_reward,951.0,1,3
P09,reward_first,3,1,reward,698.0,1,6
P09,reward_first,3,2,reward,786.0,1,6
P09,reward_first,3,3,reward,629.0,1,6
P09,reward_first,3,4,reward,534.0,1,6
P09,reward_first,3,5,reward,662.0,1,6
P09,reward_first,3,6,reward,692.0,1,6
P09,reward_first,3,7,reward,882.0,1,6
P09,reward_first,3,8,reward,917.0,0,6
P09,reward_first,3,9,reward,819.0,1,6
P09,reward_first,3,10,reward,1081.0,1,6
P09,reward_first,3,11,reward,886.0,1,6
P09,reward_first,3,12,reward,893.0,1,6
P09,reward_first,3,13,reward,936.0,0,6
P09,reward_first,3,14,reward,712.0,1,6
P09,reward_first,3,15,reward,899.0,0,6
P09,reward_first,3,16,reward,844.0,1,6
P09,reward_first,3,17,reward,903.0,1,6
P09,reward_first,3,18,reward,611.0,1,6
P09,reward_first,3,19,reward,840.0,1,6
P09,reward_first,3,20,reward,949.0,1,6
P09,reward_first,4,1,no_reward,817.0,1,2
P09,reward_first,4,2,no_reward,880.0,1,2
P09,reward_first,4,3,no_reward,619.0,1,2
P09,reward_first,4,4,no_reward,611.0,1,2
P09,reward_first,4,5,no_reward,655.0,1,2
P09,reward_first,4,6,no_reward,826.0,1,2
P09,reward_first,4,7,no_reward,929.0,1,2
P09,reward_first,4,8,no_reward,888.0,1,2
P09,reward_first,4,9,no_reward,5146.0,0,2
P09,reward_first,4,10,no_reward,597.0,1,2
P09,reward_first,4,11,no_reward,1081.0,1,2
P09,reward_first,4,12,no_reward,1024.0,0,2
P09,reward_first,4,13,no_reward,971.0,1,2
P09,reward_first,4,14,no_reward,618.0,1,2
P09,reward_first,4,15,no_reward,727.0,1,2
P09,reward_first,4,16,no_reward,862.0,1,2
P09,reward_first,4,17,no_reward,768.0,0,2
P09,reward_first,4,18,no_reward,1250.0,1,2
P09,reward_first,4,19,no_reward,772.0,1,2
P09,reward_first,4,20,no_reward,937.0,1,2
P10,no_reward_first,1,1,no_reward,822.0,1,4
P10,no_reward_first,1,2,no_reward,644.0,1,4
P10,no_reward_first,1,3,no_reward,1229.0,1,4
P10,no_reward_first,1,4,no_reward,679.0,0,4
P10,no_reward_first,1,5,no_reward,826.0,1,4
P10,no_reward_first,1,6,no_reward,472.0,1,4
P10,no_reward_first,1,7,no_reward,920.0,1,4
P10,no_reward_first,1,8,no_reward,727.0,1,4
P10,no_reward_first,1,9,no_reward,886.0,0,4
P10,no_reward_first,1,10,no_reward,711.0,1,4
P10,no_reward_first,1,11,no_reward,861.0,1,4
P10,no_reward_first,1,12,no_reward,822.0,1,4
P10,no_reward_first,1,13,no_reward,619.0,1,4
P10,no_reward_first,1,14,no_reward,928.0,1,4
P10,no_reward_first,1,15,no_reward,891.0,1,4
P10,no_reward_first,1,16,no_reward,923.0,1,4
P10,no_reward_first,1,17,no_reward,1043.0,1,4
P10,no_reward_first,1,18,no_reward,643.0,1,4
P10,no_reward_first,1,19,no_reward,984.0,1,4
P10,no_reward_first,1,20,no_reward,802.0,1,4
P10,no_reward_first,2,1,reward,817.0,1,6
P10,no_reward_first,2,2,reward,773.0,1,6
P10,no_reward_first,2,3,reward,730.0,1,6
P10,no_reward_first,2,4,reward,812.0,1,6
P10,no_reward_first,2,5,reward,620.0,0,6
P10,no_reward_first,2,6,reward,795.0,1,6
P10,no_reward_first,2,7,reward,996.0,1,6
P10,no_reward_first,2,8,reward,841.0,1,6
P10,no_reward_first,2,9,reward,595.0,1,6
P10,no_reward_first,2,10,reward,707.0,1,6
P10,no_reward_first,2,11,reward,736.0,1,6
P10,no_reward_first,2,12,reward,934.0,1,6
P10,no_reward_first,2,13,reward,540.0,1,6
P10,no_reward_first,2,14,reward,857.0,1,6
P10,no_reward_first,2,15,reward,857.0,1,6
P10,no_reward_first,2,16,reward,664.0,1,6
P10,no_reward_first,2,17,reward,678.0,1,6
P10,no_reward_first,2,18,reward,737.0,1,6
P10,no_reward_first,2,19,reward,815.0,1,6
P10,no_reward_first,2,20,reward,698.0,1,6
P10,no_reward_first,3,1,no_reward,916.0,1,4
P10,no_reward_first,3,2,no_reward,690.0,0,4
P10,no_reward_first,3,3,no_reward,670.0,1,4
P10,no_reward_first,3,4,no_reward,729.0,1,4
P10,no_reward_first,3,5,no_reward,731.0,1,4
P10,no_reward_first,3,6,no_reward,958.0,1,4
P10,no_reward_first,3,7,no_reward,968.0,1,4
P10,no_reward_first,3,8,no_reward,602.0,0,4
P10,no_reward_first,3,9,no_reward,856.0,1,4
P10,no_reward_first,3,10,no_reward,1101.0,0,4
P10,no_reward_first,3,11,no_reward,808.0,1,4
P10,no_reward_first,3,12,no_reward,3848.0,1,4
P10,no_reward_first,3,13,no_reward,616.0,1,4
P10,no_reward_first,3,14,no_reward,736.0,1,4
P10,no_reward_first,3,15,no_reward,1411.0,1,4
P10,no_reward_first,3,16,no_reward,745.0,1,4
P10,no_reward_first,3,17,no_reward,790.0,1,4
P10,no_reward_first,3,18,no_reward,888.0,0,4
P10,no_reward_first,3,19,no_reward,720.0,1,4
P10,no_reward_first,3,20,no_reward,937.0,1,4
P10,no_reward_first,4,1,reward,611.0,1,5
P10,no_reward_first,4,2,reward,1076.0,1,5
P10,no_reward_first,4,3,reward,521.0,1,5
P10,no_reward_first,4,4,reward,609.0,1,5
P10,no_reward_first,4,5,reward,793.0,1,5
P10,no_reward_first,4,6,reward,116.0,1,5
P10,no_reward_first,4,7,reward,,0,5
P10,no_reward_first,4,8,reward,808.0,1,5
P10,no_reward_first,4,9,reward,869.0,1,5
P10,no_reward_first,4,10,reward,711.0,0,5
P10,no_reward_first,4,11,reward,765.0,1,5
P10,no_reward_first,4,12,reward,606.0,1,5
P10,no_reward_first,4,13,reward,695.0,1,5
P10,no_reward_first,4,14,reward,705.0,1,5
P10,no_reward_first,4,15,reward,693.0,1,5
P10,no_reward_first,4,16,reward,127.0,1,5
P10,no_reward_first,4,17,reward,743.0,1,5
P10,no_reward_first,4,18,reward,993.0,1,5
P10,no_reward_first,4,19,reward,695.0,1,5
P10,no_reward_first,4,20,reward,621.0,1,5
P11,reward_first,1,1,reward,605.0,1,3
P11,reward_first,1,2,reward,534.0,1,3
P11,reward_first,1,3,reward,615.0,1,3
P11,reward_first,1,4,reward,798.0,1,3
P11,reward_first,1,5,reward,527.0,1,3
P11,reward_first,1,6,reward,639.0,1,3
P11,reward_first,1,7,reward,439.0,1,3
P11,reward_first,1,8,reward,405.0,1,3
P11,reward_first,1,9,reward,558.0,1,3
P11,reward_first,1,10,reward,546.0,1,3
P11,reward_first,1,11,reward,507.0,1,3
P11,reward_first,1,12,reward,695.0,1,3
P11,reward_first,1,13,reward,569.0,1,3
P11,reward_first,1,14,reward,493.0,1,3
P11,reward_first,1,15,reward,514.0,1,3
P11,reward_first,1,16,reward,387.0,1,3
P11,reward_first,1,17,reward,548.0,1,3
P11,reward_first,1,18,reward,454.0,1,3
P11,reward_first,1,19,reward,455.0,1,3
P11,reward_first,1,20,reward,519.0,1,3
P11,reward_first,2,1,no_reward,625.0,1,7
P11,reward_first,2,2,no_reward,520.0,1,7
P11,reward_first,2,3,no_reward,520.0,0,7
P11,reward_first,2,4,no_reward,682.0,1,7
P11,reward_first,2,5,no_reward,516.0,1,7
P11,reward_first,2,6,no_reward,692.0,1,7
P11,reward_first,2,7,no_reward,557.0,1,7
P11,reward_first,2,8,no_reward,630.0,1,7
P11,reward_first,2,9,no_reward,505.0,1,7
P11,reward_first,2,10,no_reward,818.0,1,7
P11,reward_first,2,11,no_reward,573.0,1,7
P11,reward_first,2,12,no_reward,681.0,1,7
P11,reward_first,2,13,no_reward,941.0,1,7
P11,reward_first,2,14,no_reward,653.0,1,7
P11,reward_first,2,15,no_reward,638.0,1,7
P11,reward_first,2,16,no_reward,549.0,1,7
P11,reward_first,2,17,no_reward,596.0,1,7
P11,reward_first,2,18,no_reward,691.0,1,7
P11,reward_first,2,19,no_reward,645.0,1,7
P11,reward_first,2,20,no_reward,800.0,0,7
P11,reward_first,3,1,reward,502.0,1,5
P11,reward_first,3,2,reward,448.0,0,5
P11,reward_first,3,3,reward,532.0,1,5
P11,reward_first,3,4,reward,482.0,1,5
P11,reward_first,3,5,reward,695.0,1,5
P11,reward_first,3,6,reward,672.0,1,5
P11,reward_first,3,7,reward,548.0,0,5
P11,reward_first,3,8,reward,513.0,0,5
P11,reward_first,3,9,reward,473.0,1,5
P11,reward_first,3,10,reward,463.0,1,5
P11,reward_first,3,11,reward,578.0,1,5
P11,reward_first,3,12,reward,463.0,1,5
P11,reward_first,3,13,reward,563.0,1,5
P11,reward_first,3,14,reward,403.0,0,5
P11,reward_first,3,15,reward,495.0,1,5
P11,reward_first,3,16,reward,605.0,0,5
P11,reward_first,3,17,reward,438.0,1,5
P11,reward_first,3,18,reward,603.0,1,5
P11,reward_first,3,19,reward,670.0,1,5
P11,reward_first,3,20,reward,592.0,1,5
P11,reward_first,4,1,no_reward,665.0,1,3
P11,reward_first,4,2,no_reward,514.0,1,3
P11,reward_first,4,3,no_reward,725.0,1,3
P11,reward_first,4,4,no_reward,576.0,1,3
P11,reward_first,4,5,no_reward,635.0,0,3
P11,reward_first,4,6,no_reward,535.0,1,3
P11,reward_first,4,7,no_reward,551.0,1,3
P11,reward_first,4,8,no_reward,521.0,1,3
P11,reward_first,4,9,no_reward,581.0,1,3
P11,reward_first,4,10,no_reward,417.0,1,3
P11,reward_first,4,11,no_reward,491.0,1,3
P11,reward_first,4,12,no_reward,592.0,1,3
P11,reward_first,4,13,no_reward,578.0,1,3
P11,reward_first,4,14,no_reward,455.0,0,3
P11,reward_first,4,15,no_reward,579.0,1,3
P11,reward_first,4,16,no_reward,703.0,0,3
P11,reward_first,4,17,no_reward,81.0,0,3
P11,reward_first,4,18,no_reward,675.0,1,3
P11,reward_first,4,19,no_reward,565.0,0,3
P11,reward_first,4,20,no_reward,779.0,1,3
P12,no_reward_first,1,1,no_reward,673.0,1,6
P12,no_reward_first,1,2,no_reward,794.0,1,6
P12,no_reward_first,1,3,no_reward,538.0,1,6
P12,no_reward_first,1,4,no_reward,697.0,1,6
P12,no_reward_first,1,5,no_reward,625.0,1,6
P12,no_reward_first,1,6,no_reward,925.0,1,6
P12,no_reward_first,1,7,no_reward,727.0,1,6
P12,no_reward_first,1,8,no_reward,787.0,1,6
P12,no_reward_first,1,9,no_reward,647.0,1,6
P12,no_reward_first,1,10,no_reward,696.0,1,6
P12,no_reward_first,1,11,no_reward,719.0,1,6
P12,no_reward_first,1,12,no_reward,631.0,1,6
P12,no_reward_first,1,13,no_reward,779.0,1,6
P12,no_reward_first,1,14,no_reward,692.0,1,6
P12,no_reward_first,1,15,no_reward,644.0,1,6
P12,no_reward_first,1,16,no_reward,729.0,1,6
P12,no_reward_first,1,17,no_reward,698.0,1,6
P12,no_reward_first,1,18,no_reward,768.0,1,6
P12,no_reward_first,1,19,no_reward,670.0,1,6
P12,no_reward_first,1,20,no_reward,996.0,1,6
P12,no_reward_first,2,1,reward,591.0,1,5
P12,no_reward_first,2,2,reward,523.0,1,5
P12,no_reward_first,2,3,reward,600.0,1,5
P12,no_reward_first,2,4,reward,710.0,1,5
P12,no_reward_first,2,5,reward,655.0,1,5
P12,no_reward_first,2,6,reward,835.0,1,5
P12,no_reward_first,2,7,reward,603.0,1,5
P12,no_reward_first,2,8,reward,578.0,1,5
P12,no_reward_first,2,9,reward,743.0,1,5
P12,no_reward_first,2,10,reward,690.0,1,5
P12,no_reward_first,2,11,reward,632.0,1,5
P12,no_reward_first,2,12,reward,734.0,1,5
P12,no_reward_first,2,13,reward,599.0,1,5
P12,no_reward_first,2,14,reward,513.0,1,5
P12,no_reward_first,2,15,reward,770.0,1,5
P12,no_reward_first,2,16,reward,613.0,1,5
P12,no_reward_first,2,17,reward,585.0,1,5
P12,no_reward_first,2,18,reward,814.0,1,5
P12,no_reward_first,2,19,reward,662.0,1,5
P12,no_reward_first,2,20,reward,512.0,1,5
P12,no_reward_first,3,1,no_reward,626.0,1,5
P12,no_reward_first,3,2,no_reward,873.0,1,5
P12,no_reward_first,3,3,no_reward,753.0,1,5
P12,no_reward_first,3,4,no_reward,453.0,1,5
P12,no_reward_first,3,5,no_reward,717.0,0,5
P12,no_reward_first,3,6,no_reward,698.0,1,5
P12,no_reward_first,3,7,no_reward,736.0,1,5
P12,no_reward_first,3,8,no_reward,538.0,1,5
P12,no_reward_first,3,9,no_reward,730.0,1,5
P12,no_reward_first,3,10,no_reward,574.0,1,5
P12,no_reward_first,3,11,no_reward,741.0,1,5
P12,no_reward_first,3,12,no_reward,619.0,0,5
P12,no_reward_first,3,13,no_reward,594.0,1,5
P12,no_reward_first,3,14,no_reward,529.0,1,5
P12,no_reward_first,3,15,no_reward,588.0,1,5
P12,no_reward_first,3,16,no_reward,453.0,1,5
P12,no_reward_first,3,17,no_reward,732.0,1,5
P12,no_reward_first,3,18,no_reward,592.0,0,5
P12,no_reward_first,3,19,no_reward,674.0,1,5
P12,no_reward_first,3,20,no_reward,864.0,1,5
P12,no_reward_first,4,1,reward,674.0,1,4
P12,no_reward_first,4,2,reward,481.0,0,4
P12,no_reward_first,4,3,reward,820.0,1,4
P12,no_reward_first,4,4,reward,541.0,1,4
P12,no_reward_first,4,5,reward,582.0,1,4
P12,no_reward_first,4,6,reward,829.0,1,4
P12,no_reward_first,4,7,reward,595.0,1,4
P12,no_reward_first,4,8,reward,3656.0,1,4
P12,no_reward_first,4,9,reward,520.0,1,4
P12,no_reward_first,4,10,reward,604.0,1,4
P12,no_reward_first,4,11,reward,848.0,1,4
P12,no_reward_first,4,12,reward,962.0,1,4
P12,no_reward_first,4,13,reward,666.0,1,4
P12,no_reward_first,4,14,reward,684.0,1,4
P12,no_reward_first,4,15,reward,508.0,1,4
P12,no_reward_first,4,16,reward,739.0,1,4
P12,no_reward_first,4,17,reward,605.0,1,4
P12,no_reward_first,4,18,reward,562.0,1,4
P12,no_reward_first,4,19,reward,648.0,1,4
P12,no_reward_first,4,20,reward,,0,4
P13,reward_first,1,1,reward,452.0,1,6
P13,reward_first,1,2,reward,526.0,1,6
P13,reward_first,1,3,reward,576.0,1,6
P13,reward_first,1,4,reward,671.0,1,6
P13,reward_first,1,5,reward,614.0,1,6
P13,reward_first,1,6,reward,523.0,1,6
P13,reward_first,1,7,reward,450.0,1,6
P13,reward_first,1,8,reward,495.0,1,6
P13,reward_first,1,9,reward,441.0,1,6
P13,reward_first,1,10,reward,590.0,1,6
P13,reward_first,1,11,reward,517.0,1,6
P13,reward_first,1,12,reward,342.0,1,6
P13,reward_first,1,13,reward,496.0,1,6
P13,reward_first,1,14,reward,599.0,1,6
P13,reward_first,1,15,reward,499.0,1,6
P13,reward_first,1,16,reward,498.0,1,6
P13,reward_first,1,17,reward,,0,6
P13,reward_first,1,18,reward,552.0,1,6
P13,reward_first,1,19,reward,4459.0,1,6
P13,reward_first,1,20,reward,281.0,1,6
P13,reward_first,2,1,no_reward,473.0,1,6
P13,reward_first,2,2,no_reward,403.0,1,6
P13,reward_first,2,3,no_reward,601.0,1,6
P13,reward_first,2,4,no_reward,577.0,1,6
P13,reward_first,2,5,no_reward,423.0,1,6
P13,reward_first,2,6,no_reward,507.0,0,6
P13,reward_first,2,7,no_reward,514.0,0,6
P13,reward_first,2,8,no_reward,394.0,1,6
P13,reward_first,2,9,no_reward,641.0,0,6
P13,reward_first,2,10,no_reward,489.0,1,6
P13,reward_first,2,11,no_reward,722.0,1,6
P13,reward_first,2,12,no_reward,500.0,1,6
P13,reward_first,2,13,no_reward,764.0,1,6
P13,reward_first,2,14,no_reward,333.0,1,6
P13,reward_first,2,15,no_reward,422.0,1,6
P13,reward_first,2,16,no_reward,4093.0,1,6
P13,reward_first,2,17,no_reward,539.0,1,6
P13,reward_first,2,18,no_reward,,0,6
P13,reward_first,2,19,no_reward,382.0,1,6
P13,reward_first,2,20,no_reward,442.0,1,6
P13,reward_first,3,1,reward,528.0,0,6
P13,reward_first,3,2,reward,,0,6
P13,reward_first,3,3,reward,361.0,1,6
P13,reward_first,3,4,reward,500.0,1,6
P13,reward_first,3,5,reward,508.0,1,6
P13,reward_first,3,6,reward,493.0,1,6
P13,reward_first,3,7,reward,543.0,1,6
P13,reward_first,3,8,reward,440.0,0,6
P13,reward_first,3,9,reward,523.0,1,6
P13,reward_first,3,10,reward,380.0,1,6
P13,reward_first,3,11,reward,484.0,1,6
P13,reward_first,3,12,reward,467.0,1,6
P13,reward_first,3,13,reward,347.0,1,6
P13,reward_first,3,14,reward,382.0,1,6
P13,reward_first,3,15,reward,514.0,1,6
P13,reward_first,3,16,reward,445.0,1,6
P13,reward_first,3,17,reward,536.0,1,6
P13,reward_first,3,18,reward,358.0,1,6
P13,reward_first,3,19,reward,401.0,1,6
P13,reward_first,3,20,reward,401.0,1,6
P13,reward_first,4,1,no_reward,381.0,0,2
P13,reward_first,4,2,no_reward,692.0,1,2
P13,reward_first,4,3,no_reward,486.0,1,2
P13,reward_first,4,4,no_reward,469.0,1,2
P13,reward_first,4,5,no_reward,454.0,1,2
P13,reward_first,4,6,no_reward,539.0,0,2
P13,reward_first,4,7,no_reward,643.0,1,2
P13,reward_first,4,8,no_reward,450.0,0,2
P13,reward_first,4,9,no_reward,469.0,1,2
P13,reward_first,4,10,no_reward,472.0,1,2
P13,reward_first,4,11,no_reward,498.0,1,2
P13,reward_first,4,12,no_reward,527.0,0,2
P13,reward_first,4,13,no_reward,487.0,1,2
P13,reward_first,4,14,no_reward,100.0,0,2
P13,reward_first,4,15,no_reward,486.0,0,2
P13,reward_first,4,16,no_reward,337.0,1,2
P13,reward_first,4,17,no_reward,471.0,0,2
P13,reward_first,4,18,no_reward,452.0,1,2
P13,reward_first,4,19,no_reward,489.0,1,2
P13,reward_first,4,20,no_reward,454.0,1,2
P14,no_reward_first,1,1,no_reward,442.0,1,6
P14,no_reward_first,1,2,no_reward,413.0,1,6
P14,no_reward_first,1,3,no_reward,422.0,1,6
P14,no_reward_first,1,4,no_reward,657.0,1,6
P14,no_reward_first,1,5,no_reward,3028.0,1,6
P14,no_reward_first,1,6,no_reward,538.0,0,6
P14,no_reward_first,1,7,no_reward,878.0,1,6
P14,no_reward_first,1,8,no_reward,766.0,1,6
P14,no_reward_first,1,9,no_reward,89.0,0,6
P14,no_reward_first,1,10,no_reward,467.0,1,6
P14,no_reward_first,1,11,no_reward,483.0,1,6
P14,no_reward_first,1,12,no_reward,605.0,1,6
P14,no_reward_first,1,13,no_reward,534.0,1,6
P14,no_reward_first,1,14,no_reward,547.0,0,6
P14,no_reward_first,1,15,no_reward,487.0,1,6
P14,no_reward_first,1,16,no_reward,437.0,1,6
P14,no_reward_first,1,17,no_reward,425.0,1,6
P14,no_reward_first,1,18,no_reward,716.0,1,6
P14,no_reward_first,1,19,no_reward,504.0,1,6
P14,no_reward_first,1,20,no_reward,561.0,1,6
P14,no_reward_first,2,1,reward,331.0,1,5
P14,no_reward_first,2,2,reward,470.0,1,5
P14,no_reward_first,2,3,reward,408.0,1,5
P14,no_reward_first,2,4,reward,420.0,0,5
P14,no_reward_first,2,5,reward,370.0,1,5
P14,no_reward_first,2,6,reward,367.0,1,5
P14,no_reward_first,2,7,reward,563.0,1,5
P14,no_reward_first,2,8,reward,467.0,1,5
P14,no_reward_first,2,9,reward,423.0,1,5
P14,no_reward_first,2,10,reward,593.0,1,5
P14,no_reward_first,2,11,reward,533.0,1,5
P14,no_reward_first,2,12,reward,433.0,1,5
P14,no_reward_first,2,13,reward,376.0,1,5
P14,no_reward_first,2,14,reward,342.0,1,5
P14,no_reward_first,2,15,reward,312.0,1,5
P14,no_reward_first,2,16,reward,414.0,1,5
P14,no_reward_first,2,17,reward,403.0,1,5
P14,no_reward_first,2,18,reward,361.0,1,5
P14,no_reward_first,2,19,reward,333.0,1,5
P14,no_reward_first,2,20,reward,415.0,1,5
P14,no_reward_first,3,1,no_reward,554.0,1,5
P14,no_reward_first,3,2,no_reward,452.0,0,5
P14,no_reward_first,3,3,no_reward,457.0,1,5
P14,no_reward_first,3,4,no_reward,451.0,1,5
P14,no_reward_first,3,5,no_reward,634.0,1,5
P14,no_reward_first,3,6,no_reward,458.0,1,5
P14,no_reward_first,3,7,no_reward,443.0,1,5
P14,no_reward_first,3,8,no_reward,437.0,1,5
P14,no_reward_first,3,9,no_reward,439.0,1,5
P14,no_reward_first,3,10,no_reward,492.0,1,5
P14,no_reward_first,3,11,no_reward,705.0,1,5
P14,no_reward_first,3,12,no_reward,442.0,0,5
P14,no_reward_first,3,13,no_reward,690.0,1,5
P14,no_reward_first,3,14,no_reward,552.0,1,5
P14,no_reward_first,3,15,no_reward,385.0,1,5
P14,no_reward_first,3,16,no_reward,398.0,0,5
P14,no_reward_first,3,17,no_reward,498.0,1,5
P14,no_reward_first,3,18,no_reward,328.0,1,5
P14,no_reward_first,3,19,no_reward,463.0,1,5
P14,no_reward_first,3,20,no_reward,451.0,0,5
P14,no_reward_first,4,1,reward,630.0,1,4
P14,no_reward_first,4,2,reward,449.0,1,4
P14,no_reward_first,4,3,reward,467.0,1,4
P14,no_reward_first,4,4,reward,565.0,1,4
P14,no_reward_first,4,5,reward,127.0,1,4
P14,no_reward_first,4,6,reward,335.0,1,4
P14,no_reward_first,4,7,reward,346.0,1,4
P14,no_reward_first,4,8,reward,309.0,1,4
P14,no_reward_first,4,9,reward,510.0,0,4
P14,no_reward_first,4,10,reward,349.0,1,4
P14,no_reward_first,4,11,reward,505.0,1,4
P14,no_reward_first,4,12,reward,466.0,1,4
P14,no_reward_first,4,13,reward,3929.0,1,4
P14,no_reward_first,4,14,reward,500.0,1,4
P14,no_reward_first,4,15,reward,422.0,1,4
P14,no_reward_first,4,16,reward,663.0,1,4
P14,no_reward_first,4,17,reward,380.0,0,4
P14,no_reward_first,4,18,reward,698.0,1,4
P14,no_reward_first,4,19,reward,424.0,1,4
P14,no_reward_first,4,20,reward,423.0,1,4
P15,reward_first,1,1,reward,505.0,1,6
P15,reward_first,1,2,reward,697.0,1,6
P15,reward_first,1,3,reward,726.0,1,6
P15,reward_first,1,4,reward,596.0,1,6
P15,reward_first,1,5,reward,571.0,1,6
P15,reward_first,1,6,reward,507.0,1,6
P15,reward_first,1,7,reward,582.0,1,6
P15,reward_first,1,8,reward,591.0,1,6
P15,reward_first,1,9,reward,577.0,1,6
P15,reward_first,1,10,reward,553.0,1,6
P15,reward_first,1,11,reward,651.0,1,6
P15,reward_first,1,12,reward,626.0,0,6
P15,reward_first,1,13,reward,538.0,1,6
P15,reward_first,1,14,reward,632.0,1,6
P15,reward_first,1,15,reward,425.0,1,6
P15,reward_first,1,16,reward,586.0,1,6
P15,reward_first,1,17,reward,521.0,1,6
P15,reward_first,1,18,reward,529.0,1,6
P15,reward_first,1,19,reward,501.0,1,6
P15,reward_first,1,20,reward,537.0,1,6
P15,reward_first,2,1,no_reward,448.0,1,5
P15,reward_first,2,2,no_reward,628.0,1,5
P15,reward_first,2,3,no_reward,800.0,1,5
P15,reward_first,2,4,no_reward,538.0,1,5
P15,reward_first,2,5,no_reward,721.0,0,5
P15,reward_first,2,6,no_reward,776.0,1,5
P15,reward_first,2,7,no_reward,764.0,1,5
P15,reward_first,2,8,no_reward,759.0,1,5
P15,reward_first,2,9,no_reward,702.0,1,5
P15,reward_first,2,10,no_reward,714.0,1,5
P15,reward_first,2,11,no_reward,544.0,1,5
P15,reward_first,2,12,no_reward,390.0,1,5
P15,reward_first,2,13,no_reward,684.0,1,5
P15,reward_first,2,14,no_reward,845.0,1,5
P15,reward_first,2,15,no_reward,475.0,1,5
P15,reward_first,2,16,no_reward,545.0,1,5
P15,reward_first,2,17,no_reward,737.0,1,5
P15,reward_first,2,18,no_reward,578.0,1,5
P15,reward_first,2,19,no_reward,537.0,1,5
P15,reward_first,2,20,no_reward,3103.0,1,5
P15,reward_first,3,1,reward,577.0,1,6
P15,reward_first,3,2,reward,874.0,1,6
P15,reward_first,3,3,reward,758.0,1,6
P15,reward_first,3,4,reward,611.0,1,6
P15,reward_first,3,5,reward,432.0,1,6
P15,reward_first,3,6,reward,674.0,1,6
P15,reward_first,3,7,reward,563.0,1,6
P15,reward_first,3,8,reward,493.0,1,6
P15,reward_first,3,9,reward,683.0,1,6
P15,reward_first,3,10,reward,621.0,0,6
P15,reward_first,3,11,reward,391.0,0,6
P15,reward_first,3,12,reward,715.0,1,6
P15,reward_first,3,13,reward,848.0,0,6
P15,reward_first,3,14,reward,472.0,0,6
P15,reward_first,3,15,reward,527.0,1,6
P15,reward_first,3,16,reward,576.0,1,6
P15,reward_first,3,17,reward,,0,6
P15,reward_first,3,18,reward,478.0,1,6
P15,reward_first,3,19,reward,525.0,1,6
P15,reward_first,3,20,reward,479.0,1,6
P15,reward_first,4,1,no_reward,675.0,1,4
P15,reward_first,4,2,no_reward,577.0,1,4
P15,reward_first,4,3,no_reward,569.0,1,4
P15,reward_first,4,4,no_reward,630.0,1,4
P15,reward_first,4,5,no_reward,732.0,1,4
P15,reward_first,4,6,no_reward,521.0,0,4
P15,reward_first,4,7,no_reward,628.0,1,4
P15,reward_first,4,8,no_reward,542.0,1,4
P15,reward_first,4,9,no_reward,614.0,1,4
P15,reward_first,4,10,no_reward,553.0,1,4
P15,reward_first,4,11,no_reward,4647.0,1,4
P15,reward_first,4,12,no_reward,578.0,1,4
P15,reward_first,4,13,no_reward,566.0,1,4
P15,reward_first,4,14,no_reward,659.0,1,4
P15,reward_first,4,15,no_reward,672.0,1,4
P15,reward_first,4,16,no_reward,667.0,1,4
P15,reward_first,4,17,no_reward,622.0,1,4
P15,reward_first,4,18,no_reward,599.0,1,4
P15,reward_first,4,19,no_reward,599.0,1,4
P15,reward_first,4,20,no_reward,568.0,1,4
P16,no_reward_first,1,1,no_reward,577.0,1,5
P16,no_reward_first,1,2,no_reward,5110.0,1,5
P16,no_reward_first,1,3,no_reward,655.0,1,5
P16,no_reward_first,1,4,no_reward,599.0,1,5
P16,no_reward_first,1,5,no_reward,736.0,1,5
P16,no_reward_first,1,6,no_reward,798.0,1,5
P16,no_reward_first,1,7,no_reward,601.0,1,5
P16,no_reward_first,1,8,no_reward,676.0,1,5
P16,no_reward_first,1,9,no_reward,739.0,1,5
P16,no_reward_first,1,10,no_reward,647.0,1,5
P16,no_reward_first,1,11,no_reward,757.0,1,5
P16,no_reward_first,1,12,no_reward,647.0,0,5
P16,no_reward_first,1,13,no_reward,761.0,1,5
P16,no_reward_first,1,14,no_reward,732.0,1,5
P16,no_reward_first,1,15,no_reward,669.0,1,5
P16,no_reward_first,1,16,no_reward,803.0,0,5
P16,no_reward_first,1,17,no_reward,839.0,1,5
P16,no_reward_first,1,18,no_reward,574.0,0,5
P16,no_reward_first,1,19,no_reward,726.0,1,5
P16,no_reward_first,1,20,no_reward,606.0,1,5
P16,no_reward_first,2,1,reward,640.0,1,5
P16,no_reward_first,2,2,reward,542.0,1,5
P16,no_reward_first,2,3,reward,694.0,1,5
P16,no_reward_first,2,4,reward,572.0,1,5
P16,no_reward_first,2,5,reward,760.0,1,5
P16,no_reward_first,2,6,reward,849.0,1,5
P16,no_reward_first,2,7,reward,886.0,1,5
P16,no_reward_first,2,8,reward,599.0,1,5
P16,no_reward_first,2,9,reward,612.0,1,5
P16,no_reward_first,2,10,reward,614.0,1,5
P16,no_reward_first,2,11,reward,620.0,1,5
P16,no_reward_first,2,12,reward,832.0,1,5
P16,no_reward_first,2,13,reward,701.0,1,5
P16,no_reward_first,2,14,reward,773.0,1,5
P16,no_reward_first,2,15,reward,638.0,1,5
P16,no_reward_first,2,16,reward,581.0,1,5
P16,no_reward_first,2,17,reward,608.0,1,5
P16,no_reward_first,2,18,reward,959.0,1,5
P16,no_reward_first,2,19,reward,771.0,0,5
P16,no_reward_first,2,20,reward,881.0,1,5
P16,no_reward_first,3,1,no_reward,775.0,1,5
P16,no_reward_first,3,2,no_reward,723.0,1,5
P16,no_reward_first,3,3,no_reward,689.0,1,5
P16,no_reward_first,3,4,no_reward,524.0,1,5
P16,no_reward_first,3,5,no_reward,455.0,1,5
P16,no_reward_first,3,6,no_reward,663.0,1,5
P16,no_reward_first,3,7,no_reward,780.0,1,5
P16,no_reward_first,3,8,no_reward,530.0,1,5
P16,no_reward_first,3,9,no_reward,574.0,1,5
P16,no_reward_first,3,10,no_reward,708.0,1,5
P16,no_reward_first,3,11,no_reward,990.0,1,5
P16,no_reward_first,3,12,no_reward,840.0,0,5
P16,no_reward_first,3,13,no_reward,657.0,1,5
P16,no_reward_first,3,14,no_reward,700.0,1,5
P16,no_reward_first,3,15,no_reward,5944.0,1,5
P16,no_reward_first,3,16,no_reward,737.0,1,5
P16,no_reward_first,3,17,no_reward,815.0,1,5
P16,no_reward_first,3,18,no_reward,737.0,1,5
P16,no_reward_first,3,19,no_reward,646.0,1,5
P16,no_reward_first,3,20,no_reward,608.0,0,5
P16,no_reward_first,4,1,reward,676.0,1,6
P16,no_reward_first,4,2,reward,141.0,1,6
P16,no_reward_first,4,3,reward,912.0,1,6
P16,no_reward_first,4,4,reward,,0,6
P16,no_reward_first,4,5,reward,632.0,1,6
P16,no_reward_first,4,6,reward,464.0,1,6
P16,no_reward_first,4,7,reward,624.0,1,6
P16,no_reward_first,4,8,reward,680.0,1,6
P16,no_reward_first,4,9,reward,773.0,1,6
P16,no_reward_first,4,10,reward,614.0,1,6
P16,no_reward_first,4,11,reward,686.0,0,6
P16,no_reward_first,4,12,reward,603.0,0,6
P16,no_reward_first,4,13,reward,774.0,1,6
P16,no_reward_first,4,14,reward,708.0,1,6
P16,no_reward_first,4,15,reward,682.0,1,6
P16,no_reward_first,4,16,reward,945.0,1,6
P16,no_reward_first,4,17,reward,577.0,1,6
P16,no_reward_first,4,18,reward,829.0,0,6
P16,no_reward_first,4,19,reward,811.0,1,6
P16,no_reward_first,4,20,reward,518.0,1,6
P17,reward_first,1,1,reward,438.0,1,6
P17,reward_first,1,2,reward,483.0,0,6
P17,reward_first,1,3,reward,479.0,1,6
P17,reward_first,1,4,reward,383.0,1,6
P17,reward_first,1,5,reward,694.0,1,6
P17,reward_first,1,6,reward,565.0,0,6
P17,reward_first,1,7,reward,615.0,1,6
P17,reward_first,1,8,reward,139.0,0,6
P17,reward_first,1,9,reward,692.0,1,6
P17,reward_first,1,10,reward,656.0,1,6
P17,reward_first,1,11,reward,645.0,1,6
P17,reward_first,1,12,reward,659.0,1,6
P17,reward_first,1,13,reward,789.0,1,6
P17,reward_first,1,14,reward,565.0,1,6
P17,reward_first,1,15,reward,523.0,1,6
P17,reward_first,1,16,reward,668.0,1,6
P17,reward_first,1,17,reward,592.0,0,6
P17,reward_first,1,18,reward,635.0,0,6
P17,reward_first,1,19,reward,517.0,1,6
P17,reward_first,1,20,reward,575.0,1,6
P17,reward_first,2,1,no_reward,627.0,1,5
P17,reward_first,2,2,no_reward,706.0,1,5
P17,reward_first,2,3,no_reward,693.0,1,5
P17,reward_first,2,4,no_reward,733.0,0,5
P17,reward_first,2,5,no_reward,592.0,1,5
P17,reward_first,2,6,no_reward,654.0,1,5
P17,reward_first,2,7,no_reward,828.0,1,5
P17,reward_first,2,8,no_reward,535.0,1,5
P17,reward_first,2,9,no_reward,679.0,1,5
P17,reward_first,2,10,no_reward,616.0,1,5
P17,reward_first,2,11,no_reward,448.0,1,5
P17,reward_first,2,12,no_reward,678.0,0,5
P17,reward_first,2,13,no_reward,638.0,0,5
P17,reward_first,2,14,no_reward,568.0,1,5
P17,reward_first,2,15,no_reward,641.0,1,5
P17,reward_first,2,16,no_reward,710.0,1,5
P17,reward_first,2,17,no_reward,507.0,1,5
P17,reward_first,2,18,no_reward,553.0,1,5
P17,reward_first,2,19,no_reward,652.0,1,5
P17,reward_first,2,20,no_reward,856.0,0,5
P17,reward_first,3,1,reward,524.0,1,5
P17,reward_first,3,2,reward,526.0,1,5
P17,reward_first,3,3,reward,482.0,1,5
P17,reward_first,3,4,reward,481.0,1,5
P17,reward_first,3,5,reward,425.0,1,5
P17,reward_first,3,6,reward,572.0,1,5
P17,reward_first,3,7,reward,817.0,1,5
P17,reward_first,3,8,reward,543.0,1,5
P17,reward_first,3,9,reward,641.0,1,5
P17,reward_first,3,10,reward,455.0,1,5
P17,reward_first,3,11,reward,713.0,1,5
P17,reward_first,3,12,reward,626.0,1,5
P17,reward_first,3,13,reward,505.0,1,5
P17,reward_first,3,14,reward,638.0,1,5
P17,reward_first,3,15,reward,479.0,1,5
P17,reward_first,3,16,reward,541.0,1,5
P17,reward_first,3,17,reward,607.0,1,5
P17,reward_first,3,18,reward,697.0,1,5
P17,reward_first,3,19,reward,498.0,1,5
P17,reward_first,3,20,reward,830.0,1,5
P17,reward_first,4,1,no_reward,542.0,1,3
P17,reward_first,4,2,no_reward,690.0,1,3
P17,reward_first,4,3,no_reward,841.0,0,3
P17,reward_first,4,4,no_reward,647.0,1,3
P17,reward_first,4,5,no_reward,605.0,1,3
P17,reward_first,4,6,no_reward,499.0,0,3
P17,reward_first,4,7,no_reward,679.0,1,3
P17,reward_first,4,8,no_reward,528.0,1,3
P17,reward_first,4,9,no_reward,642.0,1,3
P17,reward_first,4,10,no_reward,632.0,1,3
P17,reward_first,4,11,no_reward,730.0,1,3
P17,reward_first,4,12,no_reward,850.0,0,3
P17,reward_first,4,13,no_reward,,0,3
P17,reward_first,4,14,no_reward,806.0,1,3
P17,reward_first,4,15,no_reward,608.0,1,3
P17,reward_first,4,16,no_reward,490.0,1,3
P17,reward_first,4,17,no_reward,544.0,1,3
P17,reward_first,4,18,no_reward,411.0,1,3
P17,reward_first,4,19,no_reward,564.0,1,3
P17,reward_first,4,20,no_reward,691.0,1,3
P18,no_reward_first,1,1,no_reward,717.0,1,5
P18,no_reward_first,1,2,no_reward,703.0,1,5
P18,no_reward_first,1,3,no_reward,1030.0,1,5
P18,no_reward_first,1,4,no_reward,593.0,1,5
P18,no_reward_first,1,5,no_reward,919.0,0,5
P18,no_reward_first,1,6,no_reward,596.0,1,5
P18,no_reward_first,1,7,no_reward,834.0,1,5
P18,no_reward_first,1,8,no_reward,724.0,1,5
P18,no_reward_first,1,9,no_reward,749.0,1,5
P18,no_reward_first,1,10,no_reward,740.0,1,5
P18,no_reward_first,1,11,no_reward,836.0,1,5
P18,no_reward_first,1,12,no_reward,830.0,1,5
P18,no_reward_first,1,13,no_reward,935.0,1,5
P18,no_reward_first,1,14,no_reward,1070.0,1,5
P18,no_reward_first,1,15,no_reward,634.0,1,5
P18,no_reward_first,1,16,no_reward,968.0,1,5
P18,no_reward_first,1,17,no_reward,646.0,1,5
P18,no_reward_first,1,18,no_reward,750.0,0,5
P18,no_reward_first,1,19,no_reward,687.0,1,5
P18,no_reward_first,1,20,no_reward,925.0,1,5
P18,no_reward_first,2,1,reward,665.0,1,6
P18,no_reward_first,2,2,reward,757.0,1,6
P18,no_reward_first,2,3,reward,675.0,1,6
P18,no_reward_first,2,4,reward,739.0,1,6
P18,no_reward_first,2,5,reward,656.0,1,6
P18,no_reward_first,2,6,reward,751.0,1,6
P18,no_reward_first,2,7,reward,654.0,1,6
P18,no_reward_first,2,8,reward,674.0,0,6
P18,no_reward_first,2,9,reward,756.0,1,6
P18,no_reward_first,2,10,reward,650.0,1,6
P18,no_reward_first,2,11,reward,765.0,1,6
P18,no_reward_first,2,12,reward,845.0,1,6
P18,no_reward_first,2,13,reward,693.0,1,6
P18,no_reward_first,2,14,reward,750.0,1,6
P18,no_reward_first,2,15,reward,835.0,1,6
P18,no_reward_first,2,16,reward,767.0,1,6
P18,no_reward_first,2,17,reward,674.0,1,6
P18,no_reward_first,2,18,reward,791.0,1,6
P18,no_reward_first,2,19,reward,1016.0,1,6
P18,no_reward_first,2,20,reward,1200.0,1,6
P18,no_reward_first,3,1,no_reward,889.0,1,3
P18,no_reward_first,3,2,no_reward,566.0,1,3
P18,no_reward_first,3,3,no_reward,591.0,1,3
P18,no_reward_first,3,4,no_reward,799.0,0,3
P18,no_reward_first,3,5,no_reward,682.0,1,3
P18,no_reward_first,3,6,no_reward,1053.0,0,3
P18,no_reward_first,3,7,no_reward,768.0,1,3
P18,no_reward_first,3,8,no_reward,672.0,1,3
P18,no_reward_first,3,9,no_reward,736.0,1,3
P18,no_reward_first,3,10,no_reward,965.0,0,3
P18,no_reward_first,3,11,no_reward,754.0,1,3
P18,no_reward_first,3,12,no_reward,135.0,0,3
P18,no_reward_first,3,13,no_reward,760.0,1,3
P18,no_reward_first,3,14,no_reward,870.0,1,3
P18,no_reward_first,3,15,no_reward,795.0,0,3
P18,no_reward_first,3,16,no_reward,868.0,1,3
P18,no_reward_first,3,17,no_reward,907.0,1,3
P18,no_reward_first,3,18,no_reward,850.0,1,3
P18,no_reward_first,3,19,no_reward,811.0,1,3
P18,no_reward_first,3,20,no_reward,518.0,1,3
P18,no_reward_first,4,1,reward,554.0,1,4
P18,no_reward_first,4,2,reward,859.0,1,4
P18,no_reward_first,4,3,reward,851.0,1,4
P18,no_reward_first,4,4,reward,744.0,1,4
P18,no_reward_first,4,5,reward,725.0,1,4
P18,no_reward_first,4,6,reward,678.0,1,4
P18,no_reward_first,4,7,reward,712.0,1,4
P18,no_reward_first,4,8,reward,821.0,1,4
P18,no_reward_first,4,9,reward,879.0,1,4
P18,no_reward_first,4,10,reward,617.0,1,4
P18,no_reward_first,4,11,reward,837.0,1,4
P18,no_reward_first,4,12,reward,785.0,1,4
P18,no_reward_first,4,13,reward,607.0,1,4
P18,no_reward_first,4,14,reward,652.0,0,4
P18,no_reward_first,4,15,reward,811.0,1,4
P18,no_reward_first,4,16,reward,679.0,1,4
P18,no_reward_first,4,17,reward,632.0,1,4
P18,no_reward_first,4,18,reward,752.0,1,4
P18,no_reward_first,4,19,reward,773.0,1,4
P18,no_reward_first,4,20,reward,741.0,1,4
P19,reward_first,1,1,reward,455.0,1,4
P19,reward_first,1,2,reward,523.0,1,4
P19,reward_first,1,3,reward,476.0,1,4
P19,reward_first,1,4,reward,486.0,1,4
P19,reward_first,1,5,reward,521.0,1,4
P19,reward_first,1,6,reward,474.0,1,4
P19,reward_first,1,7,reward,464.0,1,4
P19,reward_first,1,8,reward,442.0,1,4
P19,reward_first,1,9,reward,529.0,1,4
P19,reward_first,1,10,reward,407.0,1,4
P19,reward_first,1,11,reward,612.0,1,4
P19,reward_first,1,12,reward,434.0,0,4
P19,reward_first,1,13,reward,516.0,1,4
P19,reward_first,1,14,reward,573.0,1,4
P19,reward_first,1,15,reward,435.0,1,4
P19,reward_first,1,16,reward,385.0,1,4
P19,reward_first,1,17,reward,657.0,1,4
P19,reward_first,1,18,reward,432.0,1,4
P19,reward_first,1,19,reward,,0,4
P19,reward_first,1,20,reward,479.0,1,4
P19,reward_first,2,1,no_reward,768.0,1,5
P19,reward_first,2,2,no_reward,603.0,0,5
P19,reward_first,2,3,no_reward,580.0,1,5
P19,reward_first,2,4,no_reward,458.0,1,5
P19,reward_first,2,5,no_reward,507.0,1,5
P19,reward_first,2,6,no_reward,866.0,1,5
P19,reward_first,2,7,no_reward,571.0,1,5
P19,reward_first,2,8,no_reward,100.0,1,5
P19,reward_first,2,9,no_reward,5504.0,0,5
P19,reward_first,2,10,no_reward,615.0,1,5
P19,reward_first,2,11,no_reward,467.0,1,5
P19,reward_first,2,12,no_reward,541.0,1,5
P19,reward_first,2,13,no_reward,605.0,1,5
P19,reward_first,2,14,no_reward,540.0,0,5
P19,reward_first,2,15,no_reward,537.0,1,5
P19,reward_first,2,16,no_reward,589.0,0,5
P19,reward_first,2,17,no_reward,512.0,1,5
P19,reward_first,2,18,no_reward,508.0,1,5
P19,reward_first,2,19,no_reward,673.0,1,5
P19,reward_first,2,20,no_reward,600.0,1,5
P19,reward_first,3,1,reward,438.0,1,5
P19,reward_first,3,2,reward,408.0,1,5
P19,reward_first,3,3,reward,404.0,1,5
P19,reward_first,3,4,reward,371.0,1,5
P19,reward_first,3,5,reward,516.0,1,5
P19,reward_first,3,6,reward,589.0,1,5
P19,reward_first,3,7,reward,583.0,1,5
P19,reward_first,3,8,reward,417.0,1,5
P19,reward_first,3,9,reward,641.0,1,5
P19,reward_first,3,10,reward,374.0,1,5
P19,reward_first,3,11,reward,795.0,1,5
P19,reward_first,3,12,reward,384.0,1,5
P19,reward_first,3,13,reward,515.0,1,5
P19,reward_first,3,14,reward,397.0,1,5
P19,reward_first,3,15,reward,699.0,1,5
P19,reward_first,3,16,reward,507.0,1,5
P19,reward_first,3,17,reward,498.0,1,5
P19,reward_first,3,18,reward,405.0,1,5
P19,reward_first,3,19,reward,666.0,1,5
P19,reward_first,3,20,reward,571.0,1,5
P19,reward_first,4,1,no_reward,734.0,1,4
P19,reward_first,4,2,no_reward,471.0,1,4
P19,reward_first,4,3,no_reward,470.0,1,4
P19,reward_first,4,4,no_reward,621.0,1,4
P19,reward_first,4,5,no_reward,504.0,1,4
P19,reward_first,4,6,no_reward,629.0,1,4
P19,reward_first,4,7,no_reward,550.0,1,4
P19,reward_first,4,8,no_reward,512.0,1,4
P19,reward_first,4,9,no_reward,362.0,1,4
P19,reward_first,4,10,no_reward,4710.0,1,4
P19,reward_first,4,11,no_reward,508.0,1,4
P19,reward_first,4,12,no_reward,424.0,1,4
P19,reward_first,4,13,no_reward,651.0,1,4
P19,reward_first,4,14,no_reward,594.0,1,4
P19,reward_first,4,15,no_reward,401.0,1,4
P19,reward_first,4,16,no_reward,577.0,1,4
P19,reward_first,4,17,no_reward,591.0,1,4
P19,reward_first,4,18,no_reward,524.0,1,4
P19,reward_first,4,19,no_reward,429.0,1,4
P19,reward_first,4,20,no_reward,752.0,1,4
P20,no_reward_first,1,1,no_reward,790.0,0,5
P20,no_reward_first,1,2,no_reward,790.0,1,5
P20,no_reward_first,1,3,no_reward,635.0,0,5
P20,no_reward_first,1,4,no_reward,549.0,1,5
P20,no_reward_first,1,5,no_reward,668.0,0,5
P20,no_reward_first,1,6,no_reward,617.0,1,5
P20,no_reward_first,1,7,no_reward,682.0,1,5
P20,no_reward_first,1,8,no_reward,883.0,0,5
P20,no_reward_first,1,9,no_reward,705.0,1,5
P20,no_reward_first,1,10,no_reward,658.0,1,5
P20,no_reward_first,1,11,no_reward,639.0,1,5
P20,no_reward_first,1,12,no_reward,447.0,1,5
P20,no_reward_first,1,13,no_reward,859.0,1,5
P20,no_reward_first,1,14,no_reward,688.0,1,5
P20,no_reward_first,1,15,no_reward,793.0,1,5
P20,no_reward_first,1,16,no_reward,648.0,1,5
P20,no_reward_first,1,17,no_reward,548.0,1,5
P20,no_reward_first,1,18,no_reward,606.0,1,5
P20,no_reward_first,1,19,no_reward,840.0,1,5
P20,no_reward_first,1,20,no_reward,584.0,1,5
P20,no_reward_first,2,1,reward,,0,6
P20,no_reward_first,2,2,reward,676.0,1,6
P20,no_reward_first,2,3,reward,695.0,1,6
P20,no_reward_first,2,4,reward,736.0,1,6
P20,no_reward_first,2,5,reward,822.0,1,6
P20,no_reward_first,2,6,reward,630.0,1,6
P20,no_reward_first,2,7,reward,591.0,1,6
P20,no_reward_first,2,8,reward,548.0,1,6
P20,no_reward_first,2,9,reward,567.0,0,6
P20,no_reward_first,2,10,reward,411.0,1,6
P20,no_reward_first,2,11,reward,737.0,1,6
P20,no_reward_first,2,12,reward,714.0,1,6
P20,no_reward_first,2,13,reward,609.0,1,6
P20,no_reward_first,2,14,reward,836.0,1,6
P20,no_reward_first,2,15,reward,498.0,1,6
P20,no_reward_first,2,16,reward,472.0,1,6
P20,no_reward_first,2,17,reward,646.0,1,6
P20,no_reward_first,2,18,reward,549.0,1,6
P20,no_reward_first,2,19,reward,551.0,1,6
P20,no_reward_first,2,20,reward,425.0,1,6
P20,no_reward_first,3,1,no_reward,842.0,1,3
P20,no_reward_first,3,2,no_reward,1017.0,1,3
P20,no_reward_first,3,3,no_reward,623.0,1,3
P20,no_reward_first,3,4,no_reward,503.0,0,3
P20,no_reward_first,3,5,no_reward,875.0,1,3
P20,no_reward_first,3,6,no_reward,552.0,1,3
P20,no_reward_first,3,7,no_reward,515.0,1,3
P20,no_reward_first,3,8,no_reward,670.0,0,3
P20,no_reward_first,3,9,no_reward,708.0,1,3
P20,no_reward_first,3,10,no_reward,537.0,1,3
P20,no_reward_first,3,11,no_reward,728.0,1,3
P20,no_reward_first,3,12,no_reward,789.0,0,3
P20,no_reward_first,3,13,no_reward,543.0,1,3
P20,no_reward_first,3,14,no_reward,117.0,1,3
P20,no_reward_first,3,15,no_reward,630.0,1,3
P20,no_reward_first,3,16,no_reward,85.0,0,3
P20,no_reward_first,3,17,no_reward,618.0,1,3
P20,no_reward_first,3,18,no_reward,743.0,1,3
P20,no_reward_first,3,19,no_reward,752.0,1,3
P20,no_reward_first,3,20,no_reward,667.0,1,3
P20,no_reward_first,4,1,reward,514.0,1,5
P20,no_reward_first,4,2,reward,801.0,0,5
P20,no_reward_first,4,3,reward,459.0,0,5
P20,no_reward_first,4,4,reward,941.0,1,5
P20,no_reward_first,4,5,reward,603.0,1,5
P20,no_reward_first,4,6,reward,4146.0,1,5
P20,no_reward_first,4,7,reward,682.0,0,5
P20,no_reward_first,4,8,reward,552.0,0,5
P20,no_reward_first,4,9,reward,725.0,1,5
P20,no_reward_first,4,10,reward,749.0,1,5
P20,no_reward_first,4,11,reward,661.0,0,5
P20,no_reward_first,4,12,reward,661.0,1,5
P20,no_reward_first,4,13,reward,435.0,1,5
P20,no_reward_first,4,14,reward,517.0,1,5
P20,no_reward_first,4,15,reward,676.0,1,5
P20,no_reward_first,4,16,reward,519.0,1,5
P20,no_reward_first,4,17,reward,502.0,0,5
P20,no_reward_first,4,18,reward,558.0,1,5
P20,no_reward_first,4,19,reward,630.0,1,5
P20,no_reward_first,4,20,reward,762.0,1,5
